{
    "rmse": 0.6096660181288267,
    "mae": 0.4535240860252114,
    "r2": 0.3651896119117737
}