{
    "rmse": 0.6333733907093402,
    "mae": 0.4564704544894345,
    "r2": 0.37613481283187866
}